<?xml version="1.0" encoding="UTF-8"?>


<beans xmlns="http://www.springframework.org/schema/beans"
	xmlns:xsi="http://www.w3.org/2001/XMLSchema-instance"
	xsi:schemaLocation="http://www.springframework.org/schema/beans http://www.springframework.org/schema/beans/spring-beans.xsd">
	
	
	
	<bean id="ds" class="org.springframework.jdbc.datasource.DriverManagerDataSource">
		<property name="driverClassName" value="oracle.jdbc.OracleDriver" />
		<property name="url" value="jdbc:oracle:thin:@localhost:1521:OSE1" />
		<property name="username" value="system" />
		<property name="password" value="Shu#bham123" />
	</bean> 
	
	<bean id="DeptRepo" class="xml.TransactionRepositoryImpl">
		<property name="dataSource" ref="ds"></property> <!-- invoke setDataSource() -->
	</bean>
	
	</beans>